{"_step":55,"fold":1,"val_loss":0.26985886693000793,"train_dice":0.6833234131336212,"train_loss":0.1327878274023533,"_runtime":160,"val_dice":0.6118295192718506,"best_val_loss":0.26877251267433167,"epoch":56,"_wandb":{"runtime":160},"lr":1e-05,"_timestamp":1.759859436202577e+09,"best_epoch":46}