{"_wandb":{"runtime":162},"_runtime":162,"epoch":57,"train_loss":0.12967465445399284,"_timestamp":1.759859599054158e+09,"fold":2,"train_dice":0.6870457231998444,"val_dice":0.6217976212501526,"best_epoch":47,"_step":56,"best_val_loss":0.2517843544483185,"lr":1e-05,"val_loss":0.25411176681518555}