{"fold":3,"train_loss":0.25315945595502853,"val_dice":0.3615846633911133,"best_val_loss":0.3239419162273407,"lr":1.0000000000000002e-06,"_step":60,"train_dice":0.3867154195904732,"best_epoch":51,"_wandb":{"runtime":173},"_runtime":173,"epoch":61,"val_loss":0.3343731164932251,"_timestamp":1.7598597731263213e+09}